year,region,yhat,yhat_lower,yhat_upper
2005,East,10991.93,10863.9,11112.78
2006,East,10725.61,10602.03,10848.7
2007,East,10456.73,10337.31,10586.62
2008,East,10185.52,10058.48,10303.18
2009,East,9962.55,9840.47,10091.95
2010,East,9829.01,9698.74,9945.9
2011,East,9693.08,9565.58,9811.86
2012,East,9623.18,9490.14,9746.29
2013,East,9602.0,9476.78,9728.41
2014,East,9536.99,9413.09,9657.82
2015,East,9469.2,9355.06,9599.01
2016,East,9306.83,9179.76,9418.24
2017,East,9192.8,9063.45,9308.89
2018,East,8971.68,8845.98,9090.38
2019,East,8743.78,8619.05,8868.73
2020,East,8513.51,8399.6,8631.93
2021,East,8331.58,8207.16,8461.65
2022,East,8106.27,7980.08,8237.92
2023,East,7878.4,7762.67,7999.41
2024,East,7648.2,7525.62,7776.47
2024,East,7415.92,7292.19,7539.05
2025,East,7181.82,7043.29,7313.84
2026,East,6946.13,6800.05,7095.56
2027,East,6709.1,6528.33,6886.93
2028,East,6550.61,6342.1,6740.12
2005,East Midlands,11552.42,11427.53,11677.05
2006,East Midlands,11168.69,11043.43,11297.08
2007,East Midlands,10786.32,10661.81,10908.3
2008,East Midlands,10405.4,10283.33,10521.64
2009,East Midlands,10120.32,9987.83,10248.16
2010,East Midlands,9913.89,9791.51,10035.19
2011,East Midlands,9709.56,9574.24,9834.75
2012,East Midlands,9665.11,9545.57,9792.58
2013,East Midlands,9717.43,9592.44,9838.78
2014,East Midlands,9670.17,9546.53,9793.72
2015,East Midlands,9624.27,9493.17,9741.85
2016,East Midlands,9470.11,9343.92,9591.79
2017,East Midlands,9412.25,9283.4,9533.88
2018,East Midlands,9177.56,9058.64,9300.52
2019,East Midlands,8943.84,8820.34,9073.56
2020,East Midlands,8711.58,8579.86,8840.37
2021,East Midlands,8575.57,8460.74,8714.63
2022,East Midlands,8340.51,8213.38,8462.26
2023,East Midlands,8106.8,7976.57,8228.19
2024,East Midlands,7874.54,7743.61,7992.87
2024,East Midlands,7643.84,7515.65,7771.95
2025,East Midlands,7414.79,7264.77,7551.43
2026,East Midlands,7187.48,7017.92,7364.94
2027,East Midlands,6961.99,6747.71,7173.66
2028,East Midlands,6806.81,6530.51,7095.33
2005,England,11158.57,11037.09,11276.69
2006,England,10917.54,10798.65,11041.14
2007,England,10633.23,10514.33,10748.4
2008,England,10305.72,10182.96,10427.32
2009,England,10033.35,9910.22,10149.05
2010,England,9914.99,9797.69,10036.21
2011,England,9753.71,9638.71,9871.99
2012,England,9635.18,9515.7,9753.67
2013,England,9572.35,9455.8,9692.12
2014,England,9540.3,9422.72,9670.48
2015,England,9464.79,9345.84,9584.97
2016,England,9265.95,9149.42,9391.36
2017,England,9122.57,8992.38,9244.34
2018,England,8922.52,8799.99,9038.44
2019,England,8678.43,8555.35,8792.86
2020,England,8391.15,8275.26,8514.15
2021,England,8209.99,8095.62,8330.7
2022,England,8059.92,7932.1,8179.65
2023,England,7866.58,7743.94,7979.21
2024,England,7630.03,7505.37,7751.47
2024,England,7350.43,7224.03,7469.98
2025,England,7028.01,6901.18,7157.35
2026,England,6663.06,6512.23,6823.11
2027,England,6255.94,6074.94,6438.19
2028,England,6589.32,6363.73,6803.32
2005,Great Britain,11280.68,11280.68,11280.68
2006,Great Britain,11007.37,11007.37,11007.37
2007,Great Britain,10639.67,10639.67,10639.67
2008,Great Britain,10428.03,10428.03,10428.03
2009,Great Britain,10027.59,10027.59,10027.59
2010,Great Britain,10069.31,10069.31,10069.31
2011,Great Britain,9645.96,9645.96,9645.96
2012,Great Britain,9759.0,9759.0,9759.0
2013,Great Britain,9690.0,9690.0,9690.0
2014,Great Britain,9678.53,9678.53,9678.53
2014,Great Britain,11236.63,11134.44,11329.29
2015,Great Britain,12015.02,11692.66,12305.53
2016,Great Britain,10365.14,9726.7,10959.62
2017,Great Britain,10855.68,9811.03,11762.14
2018,Great Britain,11487.24,9945.59,12776.78
2005,London,11468.76,11291.05,11655.13
2006,London,11469.73,11282.68,11667.17
2007,London,11356.7,11165.78,11570.01
2008,London,11129.76,10931.73,11322.18
2009,London,10941.85,10756.56,11143.1
2010,London,10942.8,10747.89,11148.09
2011,London,10829.76,10649.73,11030.39
2012,London,10602.8,10406.56,10788.61
2013,London,10414.85,10228.56,10591.6
2014,London,10415.29,10210.48,10602.58
2015,London,10301.73,10106.6,10489.23
2016,London,10018.78,9826.17,10207.41
2017,London,9774.6,9586.72,9968.96
2018,London,9584.77,9411.6,9780.58
2019,London,9280.83,9097.21,9470.83
2020,London,8862.99,8657.47,9061.24
2021,London,8648.54,8466.94,8838.69
2022,London,8623.02,8427.44,8810.96
2023,London,8483.51,8289.28,8676.67
2024,London,8230.08,8028.47,8423.78
2024,London,7863.03,7676.18,8054.62
2025,London,7382.84,7199.55,7574.42
2026,London,6790.18,6578.4,7014.99
2027,London,6085.92,5860.52,6302.58
2028,London,7230.12,6971.41,7475.18
2005,North East,11151.08,10998.52,11312.09
2006,North East,10881.15,10724.7,11054.07
2007,North East,10511.47,10355.02,10663.34
2008,North East,10042.04,9876.84,10197.89
2009,North East,9665.96,9499.14,9827.71
2010,North East,9540.21,9397.23,9707.0
2011,North East,9351.84,9200.44,9509.31
2012,North East,9208.37,9046.28,9365.59
2013,North East,9159.13,9005.3,9320.09
2014,North East,9215.15,9055.94,9381.74
2015,North East,9171.38,9014.08,9330.35
2016,North East,8861.95,8697.63,9022.11
2017,North East,8646.31,8481.49,8807.98
2018,North East,8536.37,8377.52,8694.13
2019,North East,8326.68,8171.52,8496.9
2020,North East,8017.26,7857.46,8184.46
2021,North East,7802.18,7643.32,7974.24
2022,North East,7692.83,7532.94,7844.21
2023,North East,7483.72,7322.97,7640.95
2024,North East,7174.87,7009.79,7325.15
2024,North East,6766.47,6594.59,6936.14
2025,North East,6258.87,6097.4,6430.5
2026,North East,5652.58,5476.23,5839.19
2027,North East,4948.31,4726.64,5164.65
2028,North East,5924.08,5657.91,6189.75
2005,North West,11431.42,11246.97,11609.78
2006,North West,11028.3,10823.91,11220.22
2007,North West,10653.07,10481.3,10841.49
2008,North West,10305.94,10125.72,10481.65
2009,North West,9930.09,9744.72,10114.47
2010,North West,9731.42,9548.51,9914.9
2011,North West,9560.83,9365.65,9747.82
2012,North West,9523.72,9336.67,9712.1
2013,North West,9458.73,9271.17,9645.8
2014,North West,9365.66,9160.34,9556.95
2015,North West,9300.47,9101.4,9497.43
2016,North West,9116.55,8942.44,9313.07
2017,North West,8904.01,8711.83,9090.46
2018,North West,8662.68,8486.71,8847.96
2019,North West,8448.55,8253.55,8628.56
2020,North West,8262.49,8075.9,8443.25
2021,North West,8048.15,7866.91,8240.48
2022,North West,7806.13,7616.84,7989.36
2023,North West,7592.0,7423.47,7774.77
2024,North West,7405.94,7203.18,7587.82
2024,North West,7248.06,7066.49,7428.04
2025,North West,7118.41,6928.68,7313.85
2026,North West,7017.02,6824.85,7220.57
2027,North West,6943.83,6709.07,7183.54
2028,North West,6391.5,6115.7,6685.44
2005,Scotland,10163.49,10163.49,10163.49
2006,Scotland,10074.59,10074.59,10074.59
2007,Scotland,9831.85,9831.85,9831.85
2008,Scotland,9583.97,9583.97,9583.97
2009,Scotland,9187.25,9187.25,9187.25
2010,Scotland,9272.38,9272.38,9272.38
2011,Scotland,9009.51,9009.51,9009.51
2012,Scotland,8800.99,8800.99,8800.99
2013,Scotland,8684.99,8684.99,8684.99
2014,Scotland,8502.2,8502.2,8502.2
2014,Scotland,5499.84,5380.35,5618.49
2015,Scotland,3954.09,3567.87,4349.24
2016,Scotland,6566.37,5812.76,7344.41
2017,Scotland,5465.07,4231.05,6720.25
2018,Scotland,4139.99,2399.2,5896.46
2005,South East,10751.67,10643.93,10844.52
2006,South East,10609.86,10506.11,10723.33
2007,South East,10423.85,10317.27,10526.58
2008,South East,10193.63,10093.77,10292.42
2009,South East,9998.66,9891.27,10096.89
2010,South East,9890.15,9789.75,9989.04
2011,South East,9737.8,9635.87,9833.68
2012,South East,9593.91,9495.95,9705.44
2013,South East,9485.39,9381.97,9594.43
2014,South East,9429.92,9330.82,9539.57
2015,South East,9330.24,9226.31,9442.94
2016,South East,9145.49,9036.56,9251.44
2017,South East,8995.97,8893.08,9101.24
2018,South East,8834.49,8724.85,8948.41
2019,South East,8628.63,8526.08,8731.91
2020,South East,8378.56,8269.67,8489.45
2021,South East,8205.03,8093.02,8301.09
2022,South East,8084.72,7983.32,8190.24
2023,South East,7920.21,7816.88,8026.94
2024,South East,7711.48,7607.63,7808.26
2024,South East,7458.6,7361.11,7557.03
2025,South East,7161.7,7055.15,7263.98
2026,South East,6820.97,6715.09,6934.35
2027,South East,6436.69,6303.37,6567.78
2028,South East,6791.53,6635.72,6934.87
2005,South West,10716.5,10610.68,10825.14
2006,South West,10448.84,10341.18,10557.73
2007,South West,10139.36,10029.81,10245.3
2008,South West,9787.93,9675.98,9891.68
2009,South West,9475.87,9363.71,9584.13
2010,South West,9354.63,9248.96,9465.96
2011,South West,9191.81,9079.37,9298.15
2012,South West,9059.29,8944.23,9157.28
2013,South West,8966.57,8856.26,9077.21
2014,South West,8917.82,8814.9,9024.86
2015,South West,8827.16,8723.36,8940.45
2016,South West,8639.49,8526.78,8742.28
2017,South West,8491.39,8380.31,8597.37
2018,South West,8322.16,8213.81,8442.59
2019,South West,8110.71,8000.12,8216.71
2020,South West,7857.3,7758.56,7964.95
2021,South West,7652.51,7548.4,7766.98
2022,South West,7491.98,7389.31,7598.6
2023,South West,7289.65,7179.74,7400.19
2024,South West,7045.36,6936.68,7150.78
2024,South West,6759.02,6649.18,6867.48
2025,South West,6430.64,6308.33,6549.05
2026,South West,6060.26,5927.12,6193.97
2027,South West,5648.01,5481.89,5795.44
2028,South West,5947.08,5747.39,6124.96
2005,Wales,12201.51,12047.05,12356.87
2006,Wales,11916.05,11753.85,12081.24
2007,Wales,11542.06,11366.97,11712.01
2008,Wales,11079.4,10918.04,11228.48
2009,Wales,10758.79,10589.97,10917.71
2010,Wales,10586.44,10417.18,10735.8
2011,Wales,10326.05,10164.95,10473.45
2012,Wales,10179.8,10017.53,10327.97
2013,Wales,10176.45,10015.77,10338.57
2014,Wales,10207.4,10044.45,10361.71
2015,Wales,10149.49,9993.68,10310.48
2016,Wales,9851.99,9702.66,10013.08
2017,Wales,9696.61,9547.64,9849.17
2018,Wales,9552.23,9400.15,9713.03
2019,Wales,9318.63,9158.6,9486.54
2020,Wales,8996.31,8837.28,9165.18
2021,Wales,8816.42,8654.9,8983.56
2022,Wales,8671.29,8514.5,8824.94
2023,Wales,8437.65,8276.68,8613.46
2024,Wales,8115.33,7961.79,8272.77
2024,Wales,7704.32,7551.3,7857.5
2025,Wales,7204.78,7039.45,7362.73
2026,Wales,6616.98,6432.18,6806.13
2027,Wales,5941.39,5730.62,6147.84
2028,Wales,6823.34,6567.38,7092.85
2005,West Midlands,11601.24,11465.98,11732.04
2006,West Midlands,11127.81,10992.75,11265.78
2007,West Midlands,10628.98,10484.37,10767.32
2008,West Midlands,10138.23,10001.93,10277.43
2009,West Midlands,9735.83,9604.08,9862.62
2010,West Midlands,9693.44,9558.94,9830.22
2011,West Midlands,9625.62,9483.95,9754.32
2012,West Midlands,9532.03,9409.73,9658.76
2013,West Midlands,9528.36,9395.62,9662.43
2014,West Midlands,9487.34,9354.32,9626.12
2015,West Midlands,9420.5,9285.82,9549.84
2016,West Midlands,9274.58,9137.97,9407.24
2017,West Midlands,9217.62,9078.21,9354.56
2018,West Midlands,8970.19,8846.54,9108.2
2019,West Midlands,8696.24,8573.31,8828.63
2020,West Midlands,8396.16,8270.72,8533.85
2021,West Midlands,8231.45,8112.6,8362.76
2022,West Midlands,8029.81,7891.48,8164.55
2023,West Midlands,7802.37,7667.06,7939.23
2024,West Midlands,7548.79,7420.41,7684.85
2024,West Midlands,7268.79,7141.89,7408.15
2025,West Midlands,6962.13,6800.05,7110.27
2026,West Midlands,6628.61,6443.85,6829.07
2027,West Midlands,6268.07,6027.41,6520.81
2028,West Midlands,6421.42,6104.99,6761.25
2005,Yorkshire And The Humber,10954.03,10808.69,11095.44
2006,Yorkshire And The Humber,10744.45,10605.28,10884.59
2007,Yorkshire And The Humber,10450.98,10309.04,10593.2
2008,Yorkshire And The Humber,10073.72,9936.92,10212.07
2009,Yorkshire And The Humber,9866.42,9725.12,10011.0
2010,Yorkshire And The Humber,9787.9,9635.44,9929.25
2011,Yorkshire And The Humber,9625.96,9484.07,9773.61
2012,Yorkshire And The Humber,9421.8,9277.7,9559.16
2013,Yorkshire And The Humber,9388.26,9249.73,9521.89
2014,Yorkshire And The Humber,9352.09,9201.65,9483.34
2015,Yorkshire And The Humber,9232.01,9089.98,9366.31
2016,Yorkshire And The Humber,9027.71,8887.26,9166.1
2017,Yorkshire And The Humber,8993.74,8853.82,9142.04
2018,Yorkshire And The Humber,8859.87,8714.56,8998.11
2019,Yorkshire And The Humber,8641.6,8495.11,8773.83
2020,Yorkshire And The Humber,8339.31,8203.97,8478.77
2021,Yorkshire And The Humber,8207.11,8075.94,8352.87
2022,Yorkshire And The Humber,8072.54,7933.65,8211.13
2023,Yorkshire And The Humber,7854.07,7725.55,8005.14
2024,Yorkshire And The Humber,7551.78,7418.17,7685.92
2024,Yorkshire And The Humber,7165.9,7027.49,7302.81
2025,Yorkshire And The Humber,6696.81,6548.13,6848.66
2026,Yorkshire And The Humber,6145.01,5983.77,6288.7
2027,Yorkshire And The Humber,5511.17,5351.4,5662.31
2028,Yorkshire And The Humber,6378.37,6187.18,6570.27
2006,Unallocated,60652.72,43250.18,76377.29
2007,Unallocated,58718.43,40798.97,75455.22
2008,Unallocated,56946.08,39871.89,74979.48
2009,Unallocated,61470.08,42434.38,80727.51
2010,Unallocated,59375.92,41188.17,76354.16
2011,Unallocated,57441.64,39734.12,74955.55
2012,Unallocated,55669.29,36613.56,73032.15
2013,Unallocated,60193.29,41747.17,78794.3
2014,Unallocated,58099.13,40552.95,75748.09
2014,Unallocated,51339.81,33279.86,69128.75
2015,Unallocated,50229.62,32213.53,68030.19
2016,Unallocated,52783.84,33569.11,69700.44
2017,Unallocated,51340.3,33931.04,68553.07
2018,Unallocated,50063.02,31687.14,68880.05
2015,England And Wales (Inc Unallocated),9698.61,9698.61,9698.61
2016,England And Wales (Inc Unallocated),9303.13,9303.13,9303.13
2017,England And Wales (Inc Unallocated),9303.59,9303.59,9303.59
2018,England And Wales (Inc Unallocated),9139.27,9139.27,9139.27
2019,England And Wales (Inc Unallocated),8923.86,8923.86,8923.86
2020,England And Wales (Inc Unallocated),8362.91,8362.91,8362.91
2021,England And Wales (Inc Unallocated),8332.23,8332.23,8332.23
2022,England And Wales (Inc Unallocated),7987.86,7987.86,7987.86
2023,England And Wales (Inc Unallocated),7924.51,7924.51,7924.51
2024,England And Wales (Inc Unallocated),7904.92,7904.92,7904.92
2024,England And Wales (Inc Unallocated),7931.44,7864.13,8006.66
2025,England And Wales (Inc Unallocated),8006.37,7786.98,8244.15
2026,England And Wales (Inc Unallocated),8132.02,7700.53,8599.4
2027,England And Wales (Inc Unallocated),8310.61,7634.5,9032.78
2028,England And Wales (Inc Unallocated),8085.55,7110.86,9104.8
2015,Great Britain (Inc Unallocated),9624.11,9624.11,9624.11
2016,Great Britain (Inc Unallocated),9226.64,9226.64,9226.64
2017,Great Britain (Inc Unallocated),9229.32,9229.32,9229.32
2018,Great Britain (Inc Unallocated),9061.61,9061.61,9061.61
2019,Great Britain (Inc Unallocated),8845.74,8845.74,8845.74
2020,Great Britain (Inc Unallocated),8289.06,8289.06,8289.06
2021,Great Britain (Inc Unallocated),8263.61,8263.61,8263.61
2022,Great Britain (Inc Unallocated),7919.5,7919.5,7919.5
2023,Great Britain (Inc Unallocated),7855.66,7855.66,7855.66
2024,Great Britain (Inc Unallocated),7835.32,7835.32,7835.32
2024,Great Britain (Inc Unallocated),7879.77,7817.48,7945.12
2025,Great Britain (Inc Unallocated),8010.16,7805.34,8220.69
2026,Great Britain (Inc Unallocated),8247.45,7840.55,8642.65
2027,Great Britain (Inc Unallocated),8612.41,7982.47,9234.14
2028,Great Britain (Inc Unallocated),7950.11,7081.5,8822.19
2015,Inner London,13289.21,13081.29,13495.98
2016,Inner London,12470.44,12253.2,12698.46
2017,Inner London,12318.04,12102.98,12533.88
2018,Inner London,11992.83,11792.47,12217.9
2019,Inner London,11333.89,11126.48,11556.81
2020,Inner London,10427.5,10214.65,10647.87
2021,Inner London,10189.81,9969.33,10418.59
2022,Inner London,10304.62,10075.71,10518.81
2023,Inner London,10212.47,9987.23,10429.42
2024,Inner London,9872.87,9659.63,10091.02
2024,Inner London,9286.35,9061.04,9509.16
2025,Inner London,8453.88,8205.22,8712.69
2026,Inner London,7376.85,7074.51,7705.91
2027,Inner London,6057.08,5660.04,6494.48
2028,Inner London,9338.8,8818.65,9878.43
2015,Outer London,8209.35,8209.35,8209.35
2016,Outer London,7936.9,7936.9,7936.9
2017,Outer London,7979.6,7979.6,7979.6
2018,Outer London,7861.07,7861.07,7861.07
2019,Outer London,7714.53,7714.53,7714.53
2020,Outer London,7314.55,7314.55,7314.55
2021,Outer London,7242.2,7242.2,7242.2
2022,Outer London,7060.77,7060.77,7060.77
2023,Outer London,7124.13,7124.13,7124.13
2024,Outer London,7205.88,7205.88,7205.88
2024,Outer London,7306.97,7253.39,7355.57
2025,Outer London,7428.3,7251.66,7572.61
2026,Outer London,7570.76,7234.17,7864.09
2027,Outer London,7735.2,7186.42,8210.41
2028,Outer London,7872.21,7115.67,8539.94
2015,Scotland (Inc Unallocated),8938.79,8938.79,8938.79
2016,Scotland (Inc Unallocated),8519.75,8519.75,8519.75
2017,Scotland (Inc Unallocated),8539.93,8539.93,8539.93
2018,Scotland (Inc Unallocated),8336.44,8336.44,8336.44
2019,Scotland (Inc Unallocated),8112.77,8112.77,8112.77
2020,Scotland (Inc Unallocated),7593.64,7593.64,7593.64
2021,Scotland (Inc Unallocated),7616.05,7616.05,7616.05
2022,Scotland (Inc Unallocated),7272.58,7272.58,7272.58
2023,Scotland (Inc Unallocated),7202.86,7202.86,7202.86
2024,Scotland (Inc Unallocated),7171.77,7171.77,7171.77
2024,Scotland (Inc Unallocated),7179.35,7122.88,7243.84
2025,Scotland (Inc Unallocated),7225.56,7034.77,7430.45
2026,Scotland (Inc Unallocated),7310.28,6929.78,7696.73
2027,Scotland (Inc Unallocated),7433.27,6823.11,8043.19
2028,Scotland (Inc Unallocated),7336.95,6463.61,8212.98
2015,Scotland (Unallocated),53677.55,44053.09,63452.58
2016,Scotland (Unallocated),56193.41,47005.52,65377.48
2017,Scotland (Unallocated),52448.46,43371.47,62646.2
2018,Scotland (Unallocated),55574.74,45569.14,64635.69
2019,Scotland (Unallocated),58396.87,48601.87,68023.61
2020,Scotland (Unallocated),60913.05,51552.33,70287.44
2021,Scotland (Unallocated),57172.1,48067.45,66208.55
2022,Scotland (Unallocated),60302.39,50647.47,69102.12
2023,Scotland (Unallocated),63128.53,53732.23,72395.36
2024,Scotland (Unallocated),65648.39,56521.63,75308.56
2024,Scotland (Unallocated),67860.4,58636.89,76806.39
2025,Scotland (Unallocated),69763.46,60450.58,79543.57
2026,Scotland (Unallocated),71357.01,61623.01,81048.3
2027,Scotland (Unallocated),72641.02,63139.56,81593.4
2028,Scotland (Unallocated),72595.75,63797.86,82099.46
2020,Great Britain (Unallocated),88979.45,88979.45,88979.45
2021,Great Britain (Unallocated),80203.03,80203.03,80203.03
2022,Great Britain (Unallocated),78674.68,78674.68,78674.68
2023,Great Britain (Unallocated),79932.76,79932.76,79932.76
2024,Great Britain (Unallocated),79112.81,79112.81,79112.81
2024,Great Britain (Unallocated),78231.0,77669.35,78824.93
2025,Great Britain (Unallocated),77281.72,75399.86,79145.1
2026,Great Britain (Unallocated),76259.28,72581.78,79829.4
2027,Great Britain (Unallocated),75157.87,69299.57,81042.3
2028,Great Britain (Unallocated),67976.34,59628.28,76265.19
2021,England And Wales (Unallocated),85632.58,85632.58,85632.58
2022,England And Wales (Unallocated),83349.85,83349.85,83349.85
2023,England And Wales (Unallocated),81212.7,81212.7,81212.7
2024,England And Wales (Unallocated),79667.81,79667.81,79667.81
2024,England And Wales (Unallocated),79222.62,78970.04,79454.18
2025,England And Wales (Unallocated),79867.86,79033.93,80661.42
2026,England And Wales (Unallocated),81592.4,80044.94,83020.55
2027,England And Wales (Unallocated),84383.22,81984.27,86562.53
2028,England And Wales (Unallocated),86071.22,82592.99,89212.31
